lithology,ibeta,phi,alpha,alpha_EC,Vp_model,Vs_model,Sigma_model,best_obj,log_marginal_likelihood,log_marginal_T,posterior_support_volume,mode_count,posterior_prob
34,1,0.00012451545896254856,0.736880719664763,1.0105048664773502e-05,6.058758449386549,3.472752588931657,0.0031140042316571133,0.10517039727582413,-1.1466365147767392,-0.25283693037190436,0.0,0,0.24786722312207668
46,1,0.009473854182355038,0.09360376675826287,0.004970829637211921,6.15083023817222,3.4754717663219434,0.003041031651253604,0.002688603833936569,-1.1745735008570968,-0.28642679881780403,0.00011666666666666667,2,0.24103839257059456
45,1,0.00011472584541264676,0.000558150307091247,1.0059662971000792e-05,6.134345184885982,3.481992528482949,0.0031003454384264575,0.000908103442700853,-1.3063887132892487,-0.26045732794604837,0.0007866666666666666,1,0.21127086141943405
43,1,0.0001246792166367274,0.00047395341754711445,1.0399776378324123e-05,6.10818586705428,3.49003720790814,0.003090180131925787,0.02058678489808031,-1.775283579443244,-0.3117684617691675,0.0,0,0.13219077541528307
48,1,0.005641160483190449,0.01952660587385387,0.002502601999586526,6.138787846784334,3.480818194497015,0.0029604630568943876,0.0009536291444297123,-2.2442818961906994,-0.33250296127548956,1.4444444444444444e-05,1,0.08270233454742015
49,1,0.005135553010613511,0.014322033641649506,0.0027015552508439086,6.146784867212873,3.478214828284343,0.003039495494597416,0.0008393731919858869,-2.551669726809657,-0.39000876730970485,1.4444444444444444e-05,1,0.06081643105777262
53,1,0.011123659465782575,0.02195555297910403,0.006612919181100186,6.138462124056373,3.479266147978549,0.002945840892666225,0.0013036169664990176,-3.7518389432517933,-0.46702769962445123,2.222222222222222e-06,1,0.018314457654169954
64,1,0.025587272653356266,0.041225449547394724,0.018947737813179124,6.155454422813804,3.474881578000224,0.0032748627099573628,0.0055180559609609905,-4.901753844943135,-0.4142902366548231,2.222222222222222e-06,1,0.005799524213248741
