lithology,ibeta,phi,alpha,alpha_EC,Vp_model,Vs_model,Sigma_model,best_obj,log_marginal_likelihood,log_marginal_T,posterior_support_volume,mode_count,posterior_prob
26,1,0.016270846661667226,0.10918167566254945,0.012613831521028017,5.678777875597885,3.4093044777261956,0.0005791417655378091,5.7974557707427994e-05,-1.6873829565813,-0.2425545737418441,0.0013477777777777778,1,0.4262441500068267
24,1,0.0009220307514466811,0.0037919474390930375,0.00034871271358322776,5.679641256407532,3.40926799804494,0.0005929210214253124,0.00015819088359409525,-1.7622264991924232,-0.29032087635451864,0.0003266666666666667,3,0.39550710892348856
39,1,0.015819526871166324,0.04518297599835884,0.01217269815620015,5.686045463161091,3.414161252580257,0.000567202448321336,0.0017068575318958145,-2.5592152642138886,-0.3122565057154688,1.7777777777777777e-05,1,0.17824874106968483
