lithology,ibeta,phi,alpha,alpha_EC,Vp_model,Vs_model,Sigma_model,best_obj,log_marginal_likelihood,log_marginal_T,posterior_support_volume,mode_count,posterior_prob
34,1,0.000174148472181109,0.8673425824032533,1.161933986568908e-05,6.058549304129779,3.4726546216383705,0.004564638137095074,0.06864512136673864,-1.0305331244958778,-0.21104234299115704,0.0,0,0.2766706388340482
46,1,0.01186251712447906,0.11642136649056568,0.006275721486845568,6.142844794480542,3.47196433043003,0.004440249816043734,0.019797606403291094,-1.157792981819175,-0.32239261324077334,0.0,0,0.24360983581455872
45,1,0.0007434141419094784,0.003769201234873408,0.00024810380052135716,6.121376529067074,3.489675260799392,0.004615519967916571,9.992276086737111e-05,-1.2175395056543068,-0.248961997435459,0.0010344444444444444,2,0.22948126406167496
43,1,0.00017555354533818938,0.0006738407107567334,1.0886999382821465e-05,6.108157886495454,3.49213442178783,0.0046771119919785135,0.003165516799967066,-1.6522497298481558,-0.28401048659798217,0.0003277777777777778,1,0.1485781621027734
48,1,0.008798497160913429,0.03242615334182001,0.004209324877870418,6.11026708282183,3.4898976749581827,0.00432938199754017,0.003148304720265352,-2.2277061393843476,-0.31023280968349276,0.0001611111111111111,2,0.083567505501909
55,1,0.011946052650271967,0.020729352832348516,0.006279627219421986,6.141605035028756,3.481044288024834,0.00457271276186474,0.0088036909108325,-4.249640024656627,-0.47985741907681023,1.111111111111111e-06,0,0.011064268578847798
64,1,0.05349072226987142,0.09944672076068871,0.6583591545230225,6.114663713351429,3.493323079243069,0.004607313275395412,0.001729223305352355,-4.944309045782637,-0.40488581743581475,5e-05,2,0.005523721666004762
67,1,0.013447379822278548,0.013276195886447541,0.007378178674456717,6.1115847413918605,3.476624413292199,0.004536884840178292,0.007523300383943207,-6.244831525161883,-0.5717023607199166,2.222222222222222e-06,1,0.0015046034401830302
