lithology,ibeta,phi,alpha,alpha_EC,Vp_model,Vs_model,Sigma_model,best_obj,log_marginal_likelihood,log_marginal_T,posterior_support_volume,mode_count,posterior_prob
54,2,0.06239131416619851,0.9747111169951266,0.016264283573511243,6.607688155659095,3.7804417554469967,0.00024566260905217215,0.11746294031789886,-0.9101642193950056,-0.3848091703631667,0.0,0,0.39938788451957175
54,1,0.012165935021888313,0.10346942041920977,0.0116821455522323,6.573456878962562,3.798185376619471,0.00022525083392708204,0.03351928185350012,-1.1016967973168261,-0.3316896639187978,0.0,0,0.3297716708268625
66,2,0.0646207745969767,0.25931867756120586,0.01941632658416703,6.540120596021288,3.8207275920026045,0.00024052891166532355,3.164078767413616e-05,-1.8626082737178318,-0.2838573233897397,0.0006255555555555555,4,0.15408263231697844
67,2,0.14904629067494396,0.9383943117512502,0.07677245751883724,6.577993699788095,3.7853259225099536,0.00026569497800645037,0.06713323501844715,-2.6897413951445226,-0.40390180502227085,0.0,0,0.06738051698118683
67,1,0.009176032226170179,0.02576358562530567,0.008479428249009364,6.52445144591947,3.803877587700214,0.0002399424714993757,0.013459301222100607,-3.0613190814905282,-0.37020958895339506,0.0,0,0.04646866545312767
74,2,0.12665161038638312,0.13488692546666414,0.024680033237518013,6.533680231261977,3.8219479888800127,0.0002288568368025934,0.001848475804595599,-5.83241515936451,-0.44408673571817325,6.666666666666667e-06,1,0.0029086299022727537
